temp,humidity,sound_volume,label,id
177.61636133888317,69.76180885008584,93.91704359988906,0.0,0
175.5540431840057,68.46084844660903,88.05861299216777,0.0,1
173.44481661457633,70.04366946515034,88.8034318323681,0.0,2
176.95461201849685,70.42722840959196,89.963961179407,0.0,3
178.83713529266834,71.17880522651049,90.80598884859717,1.0,4
178.23583574832912,70.5767585751403,89.17750225471278,0.0,5
177.8425830679133,70.69069125623761,89.32395688425368,0.0,6
171.89354788817693,69.39019181289791,91.71951754038821,0.0,7
175.0895876402655,71.72356929190464,92.5614403216357,1.0,8
173.2029627266702,70.88589015862892,89.69185606431526,0.0,9
170.44548245905662,69.7425962003079,91.58538187439794,0.0,10
177.2249677153788,70.98217910853484,90.87715889410633,0.0,11
173.3958539942525,68.06336613880362,88.96441922029092,0.0,12
174.0924763041862,69.92662959420852,90.50065413629521,0.0,13
178.01986146533758,69.50177058246281,90.8193356340268,0.0,14
173.86732589135298,71.38035493892485,89.2284458932047,0.0,15
177.32155495734895,70.60586321614295,89.80062338306337,0.0,16
177.69287976068054,70.58892909071865,89.91995807388895,0.0,17
176.08812758743966,70.79409975609107,89.34898992072037,0.0,18
174.562401101467,71.34417412816454,91.37876787765524,1.0,19
173.37888267763384,70.57455273304754,89.52678939492147,0.0,20
172.6990426599729,70.6351041886747,87.98907505391351,1.0,21
175.94052538947835,70.37655839879982,92.01830197384285,0.0,22
171.62455083250728,69.95989446711476,88.88934946976077,1.0,23
179.13801662251464,69.67344529560431,89.3584763691829,0.0,24
174.2002669078969,69.74439977270605,92.70216062389872,1.0,25
176.96011107454126,70.05785201718592,88.4480475197818,0.0,26
176.8965552338941,69.14554100005125,93.79063017336584,0.0,27
177.8087465480625,70.81600235004942,91.88711834446501,1.0,28
172.79030593275343,70.53766006286487,91.00968874892769,0.0,29
178.0810752642562,68.76528897136178,87.67647158705749,0.0,30
178.38528206214835,69.91185740192878,92.76105619855191,1.0,31
175.46778902964715,70.70364058459958,88.21879097633555,0.0,32
174.08386547372652,69.97698311902721,87.45253069695967,0.0,33
172.79690751982793,70.0306751214333,88.89123854727555,0.0,34
175.0784844034704,71.52554593638769,89.1033849191024,0.0,35
174.62538965690942,69.88431623970496,87.2901373744834,0.0,36
176.96054929588692,69.2730985033376,92.80202805248474,1.0,37
176.54120923376394,68.49148167369954,89.55769952312643,1.0,38
174.59233799457724,70.33062895613456,91.31556186177588,0.0,39
174.9663242383974,69.65033339222,91.61872231677987,0.0,40
175.26971528283417,68.7741924942062,88.60783958228828,1.0,41
173.70680040174562,69.80789756345933,90.44770689446112,0.0,42
178.2034694942587,69.07231690453017,91.65991809715852,1.0,43
171.18066118178453,69.45296021161501,91.867672147048,0.0,44
178.70934626478757,71.57980675819888,89.64149162619013,0.0,45
177.54199699974777,69.92832274787887,90.65141538659962,0.0,46
175.73485496028604,68.46767475618594,91.48198411774892,0.0,47
178.29662577853784,71.06149610864917,89.32438706096923,0.0,48
172.8468280766548,70.73127324015478,91.95298564114198,0.0,49
171.8085415572276,71.13572935064259,88.69574548675783,0.0,50
169.7073004576043,70.59031069887679,90.28042012039504,0.0,51
176.33582948392942,70.06789027501142,87.69316923086808,0.0,52
175.61851292122324,68.41326386017354,90.4666809159285,0.0,53
172.6231780964483,70.4697474090552,90.42765792945579,0.0,54
173.3655566640618,68.72892666879824,92.11053422724704,0.0,55
175.38962546124756,70.04101465591344,89.06169549944762,0.0,56
177.7757979146222,71.8054835993432,92.96856515035641,0.0,57
172.7462163612632,68.40688229808234,88.39859392431006,1.0,58
174.332894202245,70.69452883958351,85.8980986262927,0.0,59
171.2525270658093,71.52681073146104,90.30386515277178,0.0,60
173.75364223622705,68.73431428269535,89.88032797541467,0.0,61
177.04004898535555,69.44110448077608,92.80414790731903,1.0,62
175.27934323094615,70.74258843820087,88.75133248937631,0.0,63
178.40680707065,69.02758250310848,89.61329765096465,1.0,64
174.42279827399705,71.61569022032108,90.33130189323562,0.0,65
178.59220148161114,72.79892670040482,90.8736812051561,0.0,66
174.2950325786408,70.2422142471206,89.50580312328373,0.0,67
174.12298858459562,69.39186272875455,90.04917948118276,0.0,68
173.59905149427584,70.17626072958791,88.59114320023436,0.0,69
174.21257505941787,70.65014322204499,89.46312026098785,0.0,70
173.73218135702302,68.73238483327279,87.75845399012557,0.0,71
175.5975645950242,70.17144971180116,91.02161061668022,0.0,72
174.7343153446624,69.58056714831858,87.70362758313581,0.0,73
173.18916871330055,68.90723024849105,91.6676796578401,0.0,74
174.85471015580455,70.07077167128448,87.12259101427377,0.0,75
175.22540410476623,69.61353501298727,90.17610840436649,0.0,76
170.39511360380592,69.5418220872225,90.35627682573266,1.0,77
177.15867991919387,69.04156210290537,90.86362483832947,1.0,78
174.4434177234678,70.29813708826322,91.4047849830562,0.0,79
174.464385693952,71.23813613198045,89.78391995467317,0.0,80
178.43694995284625,68.74128918356277,90.81067570083442,0.0,81
174.7808544849101,71.36210476891792,90.90836882575888,0.0,82
175.17473958882647,70.8717804914796,88.98904354481661,0.0,83
175.2742387696607,69.25982206085602,91.61428416094724,0.0,84
173.0135392290116,70.16190473603814,92.00448329233622,0.0,85
175.56025027817836,72.77099272760972,91.6121878724658,0.0,86
176.0652654407345,69.68136336015307,89.17401344702846,0.0,87
176.17250425235045,69.71625767982368,91.0929156775103,0.0,88
177.51223085942192,69.49404877607952,89.69872050180788,0.0,89
173.19287673025332,70.18654059645905,90.0998558453322,0.0,90
173.04712222786026,69.58921289344599,87.67876573812418,1.0,91
176.09081791242215,68.84761358275335,92.52690362205749,0.0,92
173.07384742061294,68.62702734616774,89.003652379371,0.0,93
173.87145929598202,71.63120370219724,91.01916278705589,0.0,94
173.50780898034026,69.49583706382272,91.0761027913775,0.0,95
176.586951562509,69.99282462281505,92.13111956000164,0.0,96
173.642586889541,69.10014731524669,92.67173840336064,1.0,97
177.893222036836,70.44187745647443,91.05822401191173,0.0,98
175.50394352737567,68.98705985743146,93.52188285064823,0.0,99
176.47197933856052,71.25118679411558,90.80324684114669,0.0,100
171.04214927808385,70.39601300504799,89.27704191693223,0.0,101
171.75121221880386,68.53521180590516,90.06924232319238,0.0,102
178.62409704554793,70.12288179797446,89.47393696611056,0.0,103
174.6022547208402,70.55275003003908,91.09081110246812,0.0,104
177.54069756539155,69.00181715382348,90.6290276971693,1.0,105
178.4723228174295,70.29164083052251,89.12596012433349,1.0,106
172.2753140932969,68.37717429136964,87.7188442420721,0.0,107
177.24593573081273,69.39385843818052,90.40175159360227,0.0,108
173.33818015700038,68.7834838549453,88.59474251571264,0.0,109
175.7542342168589,69.36548932981744,89.9196925281729,0.0,110
177.94822674609173,71.3767691205976,89.55426666459888,1.0,111
174.16368886486288,70.18104369028555,90.40793453502644,0.0,112
173.64031072176402,69.44963397730724,87.97440802053856,0.0,113
174.0167599931455,70.35262360486229,87.87036734096526,0.0,114
174.68507243794826,69.31982935645644,90.77257417474138,0.0,115
174.4681354275475,70.62725896405965,89.51929993475134,0.0,116
176.14971439965254,68.97129557854257,92.35214140651358,0.0,117
178.7381463704095,70.3437419070084,90.61925997195515,0.0,118
174.35659823894122,69.83764748641383,91.9769018035342,0.0,119
173.34278753245715,70.15242474163247,87.96425112445682,0.0,120
173.38285359157294,70.44272725435586,88.09886418189028,0.0,121
175.54517113043667,68.64833696285403,91.51573765170731,1.0,122
177.66241969479555,69.8826658231475,88.16666247781795,1.0,123
174.3831138702518,69.27795045770054,89.76774857520094,0.0,124
175.46359070330098,69.93299867581044,87.23696944996938,0.0,125
172.89379655309315,68.37821760617798,90.77970632861489,0.0,126
174.24366372922745,69.74639385202553,88.06399126411064,0.0,127
175.1383333893258,69.79762961637273,89.06399628361422,0.0,128
174.53416708719922,71.43878245345425,90.80772400503538,0.0,129
172.80271763335452,69.54267382211742,89.78719634090284,0.0,130
177.09138094469475,69.16538217922849,90.34325133513809,0.0,131
175.53301649871625,70.2349497449619,90.00736337756514,0.0,132
175.39225694975227,68.5602480762981,91.01227765266846,1.0,133
173.85270317084826,71.0701148779968,92.0455261171054,0.0,134
173.6187743868015,70.78508857304861,90.26401248826323,0.0,135
173.2510178778257,68.75834365168997,89.09752719659045,0.0,136
174.19482058781426,71.1529147255616,90.09771193515947,0.0,137
176.0477758662435,69.79616431103514,88.61840749911819,0.0,138
174.719383279714,69.50654143315845,90.23042624522802,0.0,139
175.42410620459543,70.69377867449828,87.87083580607703,0.0,140
175.76330988003537,69.57354458763618,89.97918872993527,0.0,141
175.31201499586675,70.21955787811766,89.67858875332588,0.0,142
176.10838806958805,71.08349599345193,89.79919736301936,0.0,143
174.30643552564882,70.10216561072612,90.9534681713103,0.0,144
173.42725656458137,69.3060437142527,87.77528052875402,1.0,145
176.70554763182113,69.30441009895875,90.58615529345933,0.0,146
171.10851056416251,69.37412639605567,91.08477185978428,1.0,147
174.2673346367318,70.61768661126104,90.15248801248593,0.0,148
176.50424580171725,68.98326383080814,90.762918016198,0.0,149
176.4398954234957,68.54532045240707,88.48269731642925,0.0,150
175.42081464122333,68.59969391841673,90.47646753438882,0.0,151
175.58703944003582,68.87399778125322,91.33059890765794,0.0,152
171.99778402573375,68.95140346396099,91.09342642358764,1.0,153
174.58431784562438,70.62658572833207,92.6624967767213,0.0,154
175.89222739835068,70.13537701462923,90.52554384355136,0.0,155
174.5150676979998,70.64578803021637,92.16339415501828,0.0,156
172.56691343808762,71.02185603408059,90.56038560350413,1.0,157
174.97823989387712,68.8728459000282,90.52362991097995,0.0,158
177.15393667596217,69.45119538611254,89.80701527999099,0.0,159
178.12473484569745,70.17811970511639,89.0619580747952,0.0,160
173.8498688541589,68.80921918593324,92.36450183059637,0.0,161
175.0382888381249,70.27794971133906,92.45118952027474,0.0,162
172.91287253657845,69.14207347038005,92.07504077524413,1.0,163
174.54104100864245,71.35359368972442,86.18260347591406,0.0,164
174.73986639271206,69.28682207110003,89.55653539731978,0.0,165
173.8288433755807,69.56158715461177,89.14695274909603,0.0,166
174.93453875742708,68.95553947301988,93.45156180480471,1.0,167
175.16534967639117,70.47503283314057,92.96794659321921,1.0,168
174.43649554505834,69.99936226488103,88.19941286308361,0.0,169
176.42499284913328,70.56170783534694,90.90481753334056,0.0,170
174.36430067294077,70.30463545911553,89.5746219693998,0.0,171
177.3297439963746,71.69991700300936,90.3868194329974,1.0,172
177.44014814584892,70.37209141290134,92.70258597008362,0.0,173
174.43890868074502,70.70520389900936,92.94247779237344,1.0,174
177.48788618386754,70.58383889883068,89.75934996434373,0.0,175
175.58384670709887,68.93886418795617,91.71025831938465,0.0,176
175.2524664632316,71.39241645887427,91.6609342784297,1.0,177
175.64280262872114,71.33010464026736,89.25369088568594,0.0,178
174.51484137045415,68.38239352731833,87.70073542469883,1.0,179
175.48069047856467,70.8006677160611,90.11848894455662,0.0,180
175.4409398279957,69.54375114216599,89.32170483990961,0.0,181
172.81495761499357,70.0353304899251,87.90218806281933,1.0,182
175.8058904664585,68.58621146313835,88.37745484476989,0.0,183
175.366234544561,69.31928432924413,87.95195465817935,0.0,184
174.48041444994374,70.29044670430429,88.80878744128465,0.0,185
176.61785471214685,70.91360274477191,91.52582757861127,1.0,186
176.30973317854657,70.04675129722656,91.05500171119043,0.0,187
174.84981165437733,68.69531930227132,88.67252186909955,0.0,188
175.35435022456443,70.66461992199586,90.24677032491356,0.0,189
176.5131160477082,70.49206021138124,89.65593777719565,0.0,190
174.04848997285043,70.52772761687959,91.78312762286444,0.0,191
175.57642596125154,68.23000071363907,90.2363240290158,1.0,192
175.27054317063138,69.67274900900753,89.91799830184166,0.0,193
173.97265667125095,69.2508799842062,90.67883840119642,0.0,194
175.63369971372572,68.8736145182286,92.07902102986549,0.0,195
176.53499261522,70.43625953556503,88.78124641681315,0.0,196
175.43064435540006,71.86667440277498,88.67608618811555,0.0,197
174.6702460863033,70.4810550836325,91.27822381325832,0.0,198
177.31020257679108,71.88347990417876,91.017765124917,1.0,199
174.71464676855146,69.97542591444106,88.65609413893459,0.0,200
173.7811089192782,70.87760776007599,89.78823737063692,0.0,201
174.9540026722154,71.05545611733342,90.78278422261599,0.0,202
177.05226826933827,71.42248661791155,88.53826436376787,0.0,203
175.35830745203225,69.45980481055709,90.10051500238562,0.0,204
176.3524968220692,68.49753524699076,90.7824386770271,0.0,205
176.76717787658487,69.70765175484223,86.40085577058206,0.0,206
175.69944148815574,72.24369956568951,89.99125788738256,0.0,207
176.32985886559752,70.55383073561174,88.65296826905578,0.0,208
172.42574551967087,69.60395996197272,90.18826643129196,0.0,209
174.9179451705601,70.21900550439042,89.65262007668689,0.0,210
172.5112627802143,70.26257255503802,86.78053409078728,1.0,211
175.88797222158558,70.16635251132539,88.76396479653906,0.0,212
175.59175199738743,69.52321581660968,90.73910510368323,0.0,213
173.12935957847603,69.36699996616989,93.09940973861005,1.0,214
170.85654190347594,68.6363280440213,91.96829894512011,0.0,215
174.13125830665612,68.12855922358673,92.16377611991473,1.0,216
176.79288583445046,69.31888442028749,87.95259263989175,0.0,217
174.17400832683592,70.97081275008817,89.94454780391898,0.0,218
171.0186485596069,71.3800903311667,87.94950170047179,0.0,219
179.5385903036552,69.87102670739247,89.2359139457759,1.0,220
174.66363104050956,69.60424204755324,92.08364815346937,0.0,221
175.43553208881886,68.27804777980799,87.51611832118124,0.0,222
179.32614805342888,69.94814308266977,90.28958262726955,0.0,223
174.6982690651182,71.38564961682125,90.96621917827878,1.0,224
173.21703461476477,69.4903320433575,90.1434979657262,0.0,225
172.99937567751334,70.2218543005888,90.71743931783537,0.0,226
174.86803381412685,70.80086441860972,86.59816264804198,1.0,227
172.3154178605235,68.99196568734537,91.47131931767849,1.0,228
177.90199713085977,70.80715538427897,89.6133158670156,0.0,229
174.75829750806466,71.28047332248995,91.33375017922789,0.0,230
177.91098263494354,70.09392034377089,88.7057509704147,0.0,231
175.20704694246535,69.85588048399002,90.96672971008867,0.0,232
173.15018474633328,71.13913705677822,88.75270821857112,0.0,233
173.0961203278794,70.74029042089288,88.24198514404173,0.0,234
176.03064900644108,71.25941989292741,91.33147250339438,0.0,235
177.85483026906164,68.88596605105585,93.07156805950503,0.0,236
173.57346267082113,69.89673720267979,90.72718168173186,0.0,237
171.4605581391232,71.85058641694629,88.41137995336078,0.0,238
177.86773592795092,69.53990589121193,88.57496905882765,0.0,239
173.98465846467388,68.84772604119618,91.2563385527234,0.0,240
173.32688045165366,68.65312367041894,89.06396553445407,0.0,241
175.00943865949273,70.04228253438826,89.35190572106988,0.0,242
175.75945735762352,71.45234014215278,90.65308939418013,0.0,243
173.5671534577537,70.96840642473873,90.0306887740876,0.0,244
178.17378163203932,69.01807721684855,90.58297585201389,1.0,245
176.50105987818802,70.4132620713056,89.89896137549955,0.0,246
172.17237183738376,69.49922108082136,88.04909350249467,1.0,247
177.83317617392206,68.89681090329789,87.89130017249786,0.0,248
174.37122976698726,69.98252235470105,89.56342111271864,0.0,249
172.71028828087466,69.06753416346086,88.87889456627717,1.0,250
178.32407318632485,70.52553536679338,89.48261938926663,0.0,251
175.5717518612879,68.10446976957704,88.54475490707647,1.0,252
175.24875719453092,72.12332574515861,91.40899692647108,1.0,253
171.04154496519524,69.05664671173301,91.52204999720183,1.0,254
171.75809607852506,69.51159358023938,88.86559139725213,0.0,255
175.38536873943437,68.87883509915922,90.2493805332257,0.0,256
175.91438438844258,69.00697005444351,86.89983754614842,0.0,257
175.85033130018468,71.33570442568237,90.51208322225135,0.0,258
174.83131504168557,68.21478721475012,87.55031023088478,1.0,259
177.907676241045,69.70991157770979,91.75270826998872,0.0,260
174.0682996617349,70.20140915647501,89.97635102965523,0.0,261
169.82992801609302,69.97523658545443,92.55204229920443,0.0,262
176.89567513599923,69.96440036152902,90.98136100421658,0.0,263
178.8590993607856,70.57052712008621,87.08379467521304,0.0,264
176.77825323179792,68.9413115186126,91.12468844827963,1.0,265
173.80727723389748,70.51353880173384,88.90090681457878,0.0,266
174.29160418406462,68.36205303516452,89.06474895856614,1.0,267
176.49846759421504,69.73786269864533,87.22402294354289,1.0,268
175.20821434172714,71.06136746565744,90.09722661323056,0.0,269
174.22939271026135,71.35068381157087,91.22431930864343,0.0,270
176.36607146161617,70.25307228157244,90.1500495896907,0.0,271
176.8704012173565,69.93181214211809,90.96549208882735,0.0,272
176.75535573360838,70.45098475294586,90.27299752790219,0.0,273
177.0089062450257,72.15724806519898,90.52974326734196,1.0,274
175.04043860706167,70.49240720365769,88.29962954595527,0.0,275
174.35026090152564,71.04339682302782,88.44326880825615,0.0,276
175.71001385628094,69.62111396726176,90.41727579393084,0.0,277
178.35839412006055,70.42644962882062,88.28452296402818,0.0,278
175.98019301981913,69.50011272829678,87.84549638250792,1.0,279
173.07795474115744,70.85527683277621,92.46328325651797,0.0,280
174.55830139119485,69.32163745207826,88.71909922133925,0.0,281
174.29724216221575,69.137778651737,88.11013916987073,1.0,282
174.20949957909866,69.89714240758836,87.35639991814604,1.0,283
170.28703780640353,69.88937837669911,90.68224107661574,1.0,284
175.52050355903407,72.2097701259198,89.0816544226781,0.0,285
173.513279527726,71.33462944246233,89.73008409289957,1.0,286
172.12337616660926,70.41595539947375,92.91500585753306,0.0,287
175.1333706047556,71.46575399101417,88.01265390017056,0.0,288
177.15108393206472,68.6291317856946,89.19515253992891,0.0,289
172.93657829256637,70.27237191871512,88.91384277597213,0.0,290
174.26053428168174,69.00486579836266,89.69051371638422,0.0,291
177.35285695770838,68.5532650888949,90.26587275628651,0.0,292
174.02011109585467,70.09983033073888,88.34256924851188,0.0,293
177.39074945532832,70.5006070084606,90.65647839179752,0.0,294
175.52840427789994,68.77907637583894,90.67165917470427,0.0,295
177.44918547250958,68.8220616407928,85.65190249561802,0.0,296
175.73767358247133,69.78286811084331,90.96850612973194,0.0,297
172.91058552710348,67.74908704088038,90.45221922645162,1.0,298
172.10639224413586,69.31354769929041,88.8924350163063,0.0,299
175.72896707972973,68.86520444109846,91.32172120375888,0.0,300
172.84381979334006,71.76825261962475,90.05077951483929,0.0,301
176.46832698257074,70.77442613952377,89.16036848846073,0.0,302
174.70647946490124,69.3295876196742,89.02774328403689,0.0,303
175.10262362481475,70.24173305097693,92.20099453403405,0.0,304
173.74049408561334,70.1925819196608,89.8382476084452,0.0,305
177.34313432091784,71.40536007705417,90.0460859746547,0.0,306
175.6426278747371,69.37638136426541,91.29542382062388,0.0,307
173.8266950059561,70.04265880418477,88.7610047539911,0.0,308
173.84161030182855,70.92696473582305,89.51792352176658,0.0,309
173.5315414870622,69.9306084615273,90.49125884373596,0.0,310
170.38779941416846,69.82807501365984,93.4741662071226,0.0,311
174.6017434775456,69.75086803009998,90.4426656448451,0.0,312
176.2605577829362,69.48192595638601,90.17569413308932,0.0,313
176.00941214746283,70.97474611885775,91.51747495493026,0.0,314
178.55180779916185,70.44704067199463,91.34906663975462,1.0,315
178.10853493222012,69.64032743294686,90.32354600508272,0.0,316
175.3750890543056,68.16243861841814,89.64406456917034,0.0,317
176.3378753692409,70.15377889431515,89.73506399565214,0.0,318
175.3035784095401,70.39774658461246,88.4298253284823,0.0,319
171.4538131281187,70.80333760446938,88.25591242183567,0.0,320
171.4862419608595,69.86339341446796,90.8471767773378,0.0,321
173.91282666391152,70.0779308087256,89.77582478103541,0.0,322
174.14509843991027,69.41200369068366,92.54225410600478,0.0,323
169.78674031925135,71.87953723430266,89.79899093545654,0.0,324
175.47025095622092,69.66765057467842,90.20647939297284,0.0,325
177.47258538129333,69.87629633683508,91.37213934797224,0.0,326
175.7988749706632,70.6971706480864,88.66522012092756,0.0,327
177.93111392163138,69.65878503311126,89.7068442814526,0.0,328
174.9522750241914,70.05420718894692,93.54706864197881,0.0,329
176.99274520471656,69.89165695244176,86.87135585373979,0.0,330
176.88707082736576,68.84556692888799,88.55709475245251,1.0,331
176.04774874177056,71.12180689161869,88.55828179101229,1.0,332
176.07987171399316,71.37767574910933,91.75501706644414,0.0,333
174.68340553762178,70.11088432610603,90.79413894149828,0.0,334
176.50928339401295,70.0736464226928,89.85759889940475,0.0,335
175.8239911590734,71.50704319001278,89.99194173288618,0.0,336
173.15897338264287,69.76836111631899,87.59723893361627,0.0,337
171.30459372334462,70.75225940462266,88.98274060464038,1.0,338
175.84379366093503,69.10145310473054,90.43458033574004,0.0,339
176.23526834267412,68.54855571592933,89.32041811326322,0.0,340
173.98788244736625,69.08845199169903,90.4525161589372,0.0,341
175.0331810795177,70.31282353482551,89.22274606035452,0.0,342
173.882474323148,69.84867056327369,89.32018956811613,0.0,343
175.20388673896798,68.70554981951437,91.3236896657883,0.0,344
171.63370676293414,71.10075004821212,89.22106895560906,1.0,345
172.2915033267442,70.68405036732064,90.11871324422569,0.0,346
177.8684405779921,70.31259454635907,90.50342194201858,1.0,347
176.04333971178443,70.29321668492395,90.27991339427136,0.0,348
174.29437724814557,70.95394274564197,90.88848856739044,0.0,349
176.25349740542208,70.85977468771347,90.12730591626026,0.0,350
173.53308288428053,69.34192848651524,86.54372255474081,1.0,351
175.9072837279321,69.5227681434648,88.85826312154222,0.0,352
174.3078000203863,70.90566352829299,89.16927570788667,0.0,353
174.88455097613263,70.29588616927313,90.46275439024839,0.0,354
172.6688582102855,69.69779377063888,92.40339099641673,0.0,355
173.91171260523092,71.12645252088979,87.7184460170672,1.0,356
176.77431399222377,71.06864744640828,93.7289716445068,0.0,357
176.79328027500486,69.55561907515482,87.75852206592995,0.0,358
174.67379648820742,69.41556426551072,91.90267780647314,0.0,359
175.33561776658496,69.40439218170846,91.22750400210656,0.0,360
177.3060197917476,68.33023290290836,90.0616981173493,1.0,361
174.6158028323256,71.34165352316495,90.21408113837104,0.0,362
174.63338724968145,69.2098156719191,88.8092922901826,0.0,363
175.16516939776392,68.2111879768592,89.68367248151398,0.0,364
175.97660807845475,69.58292407646879,89.32934915485883,0.0,365
174.28439175519756,71.39079901564428,90.99732743362284,1.0,366
174.77041158332042,71.36003943722261,87.91030700632575,0.0,367
177.99064629831042,70.01879783946636,90.33220930423491,0.0,368
174.34678414161507,68.45728214929285,90.46086249305854,1.0,369
176.97832950114844,71.51146993734966,90.47626569242794,1.0,370
177.1621850598951,69.63273216428061,87.06510066934389,0.0,371
175.9700380786324,69.06647846110619,89.72591230355961,0.0,372
176.84062677761736,72.19577716570535,91.99335285865514,0.0,373
174.99351542963697,68.95747177972672,92.16489355454469,0.0,374
173.9550577903515,70.52972056397854,92.40466248626602,0.0,375
170.7259788517362,70.37431838411685,90.73494697280367,1.0,376
178.150222896569,70.10137347259989,91.1530099456778,1.0,377
173.30817441800406,70.74652735773857,89.72089036016716,0.0,378
174.18415286375858,71.30722078102366,90.47051246102734,0.0,379
175.03780691493898,70.61375767416547,89.55321587050543,0.0,380
178.7264569598312,70.78603017731615,88.62123602088784,1.0,381
172.59875410914722,69.4587691204439,90.46048598516525,0.0,382
175.46750050309868,69.18611503740604,90.91957314063941,0.0,383
177.11162434765595,70.33267797297827,89.8454849126339,0.0,384
173.60858238906016,70.02205915683305,90.71711753939344,0.0,385
174.53397104733267,70.52802442132774,89.31613873446356,0.0,386
172.21640318194497,69.60125942989688,90.63777217721784,1.0,387
175.98331164640666,70.00578004282985,89.37160431764174,0.0,388
179.60475871420286,69.49217716120835,90.26575387660374,0.0,389
176.01503641609423,70.53527890749876,91.22891840464364,0.0,390
173.9965147869859,68.76717731837883,89.87287385037419,0.0,391
178.4628421841164,68.96881377561931,88.49032832474013,1.0,392
176.90837783349798,72.48369403501997,90.56507899273743,0.0,393
174.55446645600728,69.93300991380995,90.89376782047297,0.0,394
172.57944567823625,69.7781164440378,91.58102588001749,1.0,395
172.29465340888873,70.22836569534512,90.67347816734222,0.0,396
171.93391160916073,69.95000707099305,90.5530542464726,0.0,397
174.69606990170956,69.00789021892321,87.43316632593037,1.0,398
176.4643309912654,68.89222211520945,90.32754230582995,0.0,399
175.92481471164197,70.46354291767544,95.5479333465428,0.0,400
174.85212787889338,71.00556624842932,90.4935244987839,0.0,401
175.55767727840865,70.57039919283889,90.59587070033015,0.0,402
174.12837866884075,71.14022003426797,88.98095596950895,0.0,403
175.9411038784639,69.48366999645529,89.96492938714418,0.0,404
171.61429491943522,70.03983051305948,89.44684917959991,1.0,405
174.02183541195922,69.35843879559056,90.15325952787633,0.0,406
174.07111948920874,70.08650869924688,89.33432358426474,0.0,407
175.26408463558,71.08585806985752,88.82361263377838,0.0,408
172.97564423469183,68.61929724633794,91.83985462353385,0.0,409
173.54471151479225,69.54841866077392,91.318179049491,0.0,410
173.63356120920335,70.13535440782859,90.4921286051191,0.0,411
175.8940854754202,69.87556212894593,90.93267149486499,0.0,412
177.96094188430231,69.77586756439926,90.8302420268003,0.0,413
172.25381863377382,71.13632569308447,89.20532426991488,0.0,414
174.30685189525065,69.39077019972464,90.88081385593085,0.0,415
173.60891461383238,69.78686325393399,89.3010764911261,0.0,416
174.93225753563527,70.99297169381487,90.16448781407334,0.0,417
179.12369663066335,68.74938477991276,87.63062580438208,0.0,418
175.00037271685275,69.99162971097525,89.5278316082214,0.0,419
175.25509044455183,72.08739658598353,90.5663776887279,0.0,420
177.14004406865436,70.63747346248095,90.50608541885988,0.0,421
176.95476780911505,69.51763289939736,91.16360322952485,0.0,422
175.93482372563412,71.37946502170232,89.84338538622212,0.0,423
172.132611279643,70.39642726416436,89.97172156954558,0.0,424
174.3012817266258,70.15337460013794,90.2312265327118,0.0,425
175.5531391375779,70.73157590695506,90.90666553237,0.0,426
176.48170705113145,70.06598617046956,88.14245630437289,0.0,427
175.1073346658563,69.41775690006497,91.00544157160357,0.0,428
175.21524466314548,69.1242379532066,91.72306296239687,0.0,429
174.5157854152819,68.41873284977633,88.73919605730971,1.0,430
171.4368626488814,69.44001408876017,90.831030390313,1.0,431
173.7824938562933,71.62084638961973,89.94217255107215,0.0,432
174.5090975744542,67.57280202135259,89.92181539221436,0.0,433
171.5914935994832,70.19196433663565,90.00173588452161,0.0,434
174.19641949380906,70.17468099360848,91.54602971979807,0.0,435
175.67625643302222,69.45942517907308,89.57996100029769,0.0,436
175.96597495454913,71.06713373919669,91.0352927673577,0.0,437
174.42427445814127,70.13658219302386,88.79739422165277,0.0,438
177.6120584940311,70.86334374347669,93.10058273881664,0.0,439
176.67866349737156,68.72347084036028,87.46443531074769,0.0,440
175.91309325599315,70.96000722063025,91.68378565024177,0.0,441
176.04639824648342,68.61412014013877,91.01158343774478,1.0,442
172.33362318654554,70.72087366614171,90.3304233932131,1.0,443
175.5408538472995,70.55998642963905,88.36008031039569,0.0,444
173.70428042488953,69.5854251061362,91.52225600575524,0.0,445
176.09905434151088,70.50381140313793,91.55632424479866,0.0,446
176.56833513542304,68.78861828777792,90.18198659454683,0.0,447
173.909713138594,70.66788583480837,90.43098131578535,0.0,448
174.75273078088108,70.351418364936,89.8513606757772,0.0,449
174.9355131296021,71.4081792902326,86.22756705011076,0.0,450
178.1651641692304,71.07564421775497,90.6418159037873,1.0,451
175.77186970059503,70.62379504653683,90.25407583959921,0.0,452
175.35379859772084,70.92866008552178,87.86079306282676,0.0,453
175.0186347157181,68.81934739088486,88.46623632517147,0.0,454
173.05677055801877,68.68031630537425,89.09065373008036,1.0,455
171.1840941540389,68.6253237434774,89.16313099552791,1.0,456
176.85858316781497,71.01403462314482,88.42900834049011,0.0,457
171.95267773444832,69.91149433588473,88.57642880570268,0.0,458
175.13926295376572,69.22484421880456,92.19329867126831,0.0,459
178.19555960669712,68.92572685141917,91.3235820099984,0.0,460
177.16074503429996,69.40879514892575,88.49244818493801,0.0,461
173.96144637340538,69.90306890114299,87.33721129517384,1.0,462
172.60543547366981,69.82979164830067,91.32717616117122,0.0,463
170.59306614288255,70.76867368254035,90.61814472404004,1.0,464
174.57350156790028,68.42767259789049,87.53121339940353,1.0,465
174.21790679062184,69.72174508887822,90.31987263115255,0.0,466
176.8911779128137,70.99497333966218,91.70932364000694,0.0,467
173.79734064602982,71.6859679985958,91.55526921462909,0.0,468
172.27185215213083,70.98079669732995,89.03743502196333,1.0,469
174.13748637187848,69.83290692100256,88.40687763743132,0.0,470
177.61609205881186,71.42161493115765,89.24708156089929,0.0,471
176.62708271395516,67.87336080801235,88.54598778521769,0.0,472
174.18345001338224,70.2834582692067,92.49757887454092,1.0,473
175.41768988724374,68.6967240926524,87.97325216489776,0.0,474
174.8871776249083,70.8596280884511,88.58055449327682,0.0,475
175.4685049118492,69.13261696641044,88.62170268255113,0.0,476
171.85264244817128,71.17390621859033,87.60601153722862,0.0,477
179.4197687361184,69.78393725464394,88.96254572615412,1.0,478
176.8891948875748,69.51828830959549,91.89704745451343,0.0,479
173.30821638461077,69.53751977439697,88.4747325284799,0.0,480
173.51410504577348,69.71075274251231,90.5946212941569,0.0,481
178.73572143756178,70.78401223308853,89.5305261136783,0.0,482
175.87570295888716,70.0580269733291,87.15532814445042,0.0,483
174.3549877263618,69.41721237492835,91.07163643895991,0.0,484
177.68175418948374,68.55918641937113,88.80696428431645,0.0,485
178.26162267185808,71.22581877407987,90.48098792946833,1.0,486
174.75824426535303,70.72972744584379,91.14262375759519,0.0,487
174.33971605873356,69.64741766586056,88.67172933432215,0.0,488
173.23702989538995,70.40979761551026,92.42784484823727,1.0,489
174.5570875213661,69.24107806421543,93.12615751319686,0.0,490
173.61143723776559,71.16279324463105,92.94232030197237,1.0,491
177.77783835088994,69.56003552039235,88.38775089606382,0.0,492
174.35241643757965,68.80655708252617,89.40461016798248,0.0,493
173.83616880836345,69.02660679674705,92.42948395450449,0.0,494
172.16019902744148,69.58730658388455,90.72959493181887,1.0,495
173.10385198628742,69.43860793537378,92.75620514956817,0.0,496
174.18523344514782,71.36978137166558,90.7538437290009,1.0,497
175.0736545157123,69.09803128979667,91.06678705740498,0.0,498
175.76582361121294,69.1297214711837,89.93129564715555,0.0,499
176.34793624294838,68.59414765560899,89.2610358453108,1.0,500
175.87817011276792,71.62391329880806,89.7250985399127,0.0,501
173.34642649632843,69.09627330992313,88.89437150625005,0.0,502
173.58521897108568,68.801890341798,87.35586426273126,0.0,503
172.67498852714118,69.51449331072735,92.66883761061862,1.0,504
172.3584545216456,70.14828475711286,90.07327829067266,0.0,505
177.00577905040396,70.64384318389713,91.03418744501943,0.0,506
173.82322059043213,69.46390483536086,91.97919085416598,0.0,507
173.98755980339033,70.56916696514998,91.40047840746249,0.0,508
173.83878444171077,70.32525604495757,92.214772655711,0.0,509
172.27327499556543,69.59813654313967,91.2332142638258,0.0,510
179.63204764584975,70.05329659061303,90.02005818035464,0.0,511
176.9916818059493,70.15234847721963,86.35124163317377,1.0,512
174.6892525666541,70.4132349210777,93.69854240533435,1.0,513
176.3051724163264,70.46456045840347,89.07626650287895,0.0,514
174.09374382259085,68.60440291204048,90.09873068372067,0.0,515
174.18965932326745,70.00047516297093,90.86573771845792,0.0,516
177.29979681241917,69.46758575004776,90.78782022888485,0.0,517
179.22334671161775,70.0705400423385,90.26058613686706,1.0,518
176.80188296662084,67.56709093630069,90.97614046012451,0.0,519
176.5131583881797,69.41263841862785,89.35749585617071,0.0,520
172.36436285682367,68.28140919964511,88.51782622189388,1.0,521
179.01149469948294,71.12181750692784,88.44706018863752,1.0,522
172.55125619583484,70.16535377106382,92.42064401770493,1.0,523
172.67371946064492,70.88043067409362,92.58185725115891,1.0,524
174.04509793430105,69.48176358341979,89.60392555610163,0.0,525
174.59360265912423,70.06077538421913,87.94836261185262,0.0,526
174.4505955321616,69.45143901805665,89.73076132370096,0.0,527
172.0102703196712,70.38665639721933,90.29907026951489,0.0,528
177.6556411905092,70.77189366088182,89.76968851685267,0.0,529
175.57695153174615,71.74799708207843,89.35336720845879,1.0,530
174.44553828846566,70.7016944790424,91.88684459441224,0.0,531
175.05097307703483,70.02678052554617,91.35112868060544,0.0,532
173.77242835360397,69.09854199109458,89.59521557824422,0.0,533
175.76659697114746,70.01723299967418,89.07625885097619,0.0,534
173.07065698052773,68.60161711058554,91.17776110755604,0.0,535
174.8703817811554,70.90317960810282,90.52075587606859,0.0,536
174.1190090034672,70.93974478936217,90.98192374506189,0.0,537
175.06840626070277,70.10802819404644,90.8834658807318,0.0,538
173.7495163640397,69.63164580569821,89.24531270697419,0.0,539
176.15690096776157,71.1962372771192,90.28299048437012,0.0,540
176.4794245078754,70.07834236141434,89.56942941532915,0.0,541
174.7353963970687,70.86749120511541,93.18315312229154,0.0,542
174.782293332506,70.37757919951632,88.72201126396497,0.0,543
176.80104817247735,69.39644181183101,92.00515003209263,0.0,544
177.74145374153446,69.789261962749,89.66284278199318,0.0,545
179.01634026314673,70.57424599129668,90.72121604392002,0.0,546
176.23042478176086,68.77063985991953,91.74519933895641,0.0,547
178.02948926376143,69.78302090479109,92.5470350084924,1.0,548
177.20980418645192,68.91132308317792,92.40850423704629,0.0,549
172.65195489909127,70.60270529394703,90.52790147437946,0.0,550
173.59992996233643,69.00048173908075,92.52326943853002,0.0,551
172.79626317467915,69.81187906844258,88.7752505459386,0.0,552
176.1703621203256,69.91074172259856,92.65915727430864,0.0,553
177.1894311395266,70.42427111887889,92.43150415331169,1.0,554
176.55230825028897,70.85781254083848,90.73884300494011,0.0,555
174.79183309170116,69.72900667396964,87.8709283338709,0.0,556
171.3793526912845,69.65517881021478,90.18459062370822,1.0,557
176.45049160943165,70.87989499137834,91.5703850862932,1.0,558
176.5792521230362,69.8011322435533,90.03871560815213,0.0,559
174.61996557011014,69.11153842556394,89.81098996738709,0.0,560
177.62453515445026,71.49916871007555,91.75289674049174,1.0,561
176.611068965337,69.5652450534849,90.21138193725919,0.0,562
172.27166059300498,71.39275468119706,92.58606384925756,0.0,563
176.0276029192477,71.02200907616253,91.37376253943022,0.0,564
177.78988192903157,69.29507203689738,89.53623141666382,0.0,565
172.9412928268228,70.09770373519888,89.95214881347198,0.0,566
173.68432592810456,69.97018572441358,92.58416332346562,0.0,567
177.0675472289717,69.08576036291944,90.08881898378108,0.0,568
174.99392597666028,69.84683383972757,89.34735160896872,0.0,569
175.4018300454325,69.95059539944535,90.41119786779502,0.0,570
175.67898137511614,71.40897162631092,89.9053196240549,0.0,571
175.3581066642337,70.39306469656016,90.58218444714484,0.0,572
172.98459418967295,68.83478667185119,91.67159057382507,0.0,573
174.96577082577517,69.09772357182598,89.97334108417095,0.0,574
173.98529580495284,69.26000164399021,90.35090958454835,0.0,575
175.47765222891934,69.47551720814957,86.48810329208195,0.0,576
177.13910789220654,72.27423918328626,89.23554896699474,0.0,577
176.64938981446446,70.31183962830819,91.4371345581979,0.0,578
174.07621558035115,69.79426007619398,88.56813690056374,0.0,579
173.55427788877537,71.34341971206356,89.6095820144987,0.0,580
176.36257950996162,69.17005120824014,91.25223252495215,0.0,581
174.3430850868228,69.2447112993949,88.49547476060971,0.0,582
178.52502541759708,68.89340536499282,90.71524688146059,0.0,583
175.33092918055667,71.62046006335977,91.78408274823279,0.0,584
172.20731904256982,68.94723178290533,90.67525044072835,1.0,585
174.79979308957235,69.1864831226817,88.94083688267074,0.0,586
175.9900937782442,69.12848999062274,90.15174072885019,0.0,587
177.14651352246034,68.39927117439413,90.46029862932333,0.0,588
174.7697483353346,69.14001360345962,87.6867172988291,0.0,589
174.96153887017283,69.32750948876696,86.50909402520696,0.0,590
176.05194336485047,71.77879652606393,87.74749207913608,0.0,591
175.3032297572853,71.18583778204717,88.55057870599731,0.0,592
174.5327355675455,68.6471713421937,89.64612998771624,0.0,593
177.22806936155223,68.56501510708507,89.13689996694657,0.0,594
175.72308109977808,70.62112959254,89.42224252048439,0.0,595
174.8073453520818,69.06828190982256,89.20274500030006,0.0,596
175.50578536192307,69.43957043216146,89.70030395948552,0.0,597
175.36171569937406,71.32268439913122,88.08070504809808,1.0,598
171.1669438767916,69.36626847009927,88.75388802234669,1.0,599
178.64249119461334,70.006119860104,89.72634378959785,0.0,600
176.07128264578645,69.26360138508987,93.01303767698707,0.0,601
176.20730098968082,68.60663830606526,89.5109183284792,1.0,602
171.97502118163558,70.61591930194669,89.05008525740622,1.0,603
173.1617809291647,70.63752080256941,90.35107302783052,0.0,604
172.5835203507818,71.24556733899053,91.76264628119326,1.0,605
172.54628679173294,70.17073555084934,89.04674566397289,0.0,606
175.61875895532435,70.56535472278198,86.71328217339048,1.0,607
177.5948235171842,67.77551994988544,88.85247083212252,0.0,608
174.32532254641072,70.63986397138314,90.6397391685399,0.0,609
171.15578641483836,72.82397368029399,91.52072180505512,0.0,610
174.04770518077666,70.71483821165964,88.19382323063628,0.0,611
175.5834994344792,69.88287125106908,90.13967418958951,0.0,612
175.57146483459806,71.83573748410006,90.18755827083767,1.0,613
175.8221557944768,70.51279055220898,90.64470032642494,0.0,614
176.9544153848908,70.0881848381238,90.44359277688591,0.0,615
175.2325981275554,70.0984553151444,91.04510393841412,0.0,616
173.70208400018998,72.13375653438185,90.3085085172452,1.0,617
177.05178141003228,71.18540356060588,89.82998132113285,0.0,618
175.67753714697554,69.18815360107824,88.74768516296444,0.0,619
174.13809257918487,69.22350181236119,90.99860963315615,0.0,620
175.7892563298575,70.01765499192459,90.96892017979222,0.0,621
176.29556429586674,68.83605433791595,88.62273161738207,0.0,622
176.52535901887074,69.51820463264147,89.86963207348201,0.0,623
176.41228771821645,69.98266565823904,89.6214372059401,0.0,624
172.90868723564105,71.07883037527111,90.71328265544082,1.0,625
172.54379430279687,70.37912089393552,91.62162556447441,1.0,626
173.70686692197546,70.80543193925,89.57527246325948,0.0,627
175.85182772423238,69.93445397860881,88.7806170459815,0.0,628
175.57905605115283,69.39871859172126,91.4285409833326,0.0,629
174.57774315992475,68.72616633215463,89.39427073521789,0.0,630
178.85608664550136,71.55478885309064,90.6283060843306,0.0,631
175.48841546013597,68.36807530664728,87.08251302552002,1.0,632
173.08769164933562,70.38547638748688,89.73051225839345,0.0,633
173.68959470578756,69.83539320300565,91.97982204357339,0.0,634
174.23161407409464,69.08910606226584,87.61700639251329,0.0,635
172.66570249367948,70.35971915657738,89.06204607293976,0.0,636
174.65677167862597,70.19568958586176,91.25289753219181,0.0,637
176.1188294017409,69.66735069756072,90.54302456721915,0.0,638
176.7207548560003,69.30849537796414,87.68946962229411,1.0,639
179.52381933483167,70.34180640832783,90.00086828063864,1.0,640
173.52924046407725,70.59332110158917,91.35010099818224,0.0,641
175.88377946099416,68.4918525184141,91.741243658194,1.0,642
176.1086840924997,70.53379113217154,89.55425312738785,0.0,643
173.1264902512192,70.81642826315442,86.87549604319399,1.0,644
177.70240057351987,69.70958814504208,89.63880045630474,0.0,645
175.97563692261787,70.5371845868142,93.13631941501158,1.0,646
176.50035213089606,68.20563792168569,90.53864146058051,0.0,647
171.4372603413236,70.67311923050579,88.45525004293468,0.0,648
176.37894450109243,71.10423990149587,89.85577812986887,0.0,649
176.60268969433562,70.5176845144959,90.72095863878894,0.0,650
178.06388174694365,68.9668456453691,92.35608115221227,1.0,651
172.52019513767723,69.15595746407638,90.74165078478048,0.0,652
178.3771075105886,70.85538145436743,89.16925873584614,0.0,653
175.7774605804131,70.72036857270491,91.08617951493154,0.0,654
174.56051805647684,70.86767845145953,91.71283750405148,0.0,655
175.40401327340794,70.94238847235093,92.42485587569934,0.0,656
174.958837487862,69.10062799093458,89.27312411343136,0.0,657
173.96740838761556,69.50782695288365,89.95283529088896,0.0,658
177.22440794527986,69.03605168831587,90.97951119184864,0.0,659
172.16249411742837,71.3288863147533,91.98733154997232,0.0,660
171.55524201802018,69.14580496601138,90.7566165361511,1.0,661
175.66361195597122,69.64599506890536,90.04139254502614,0.0,662
175.48082797182067,70.45785252090694,87.72308538907373,0.0,663
175.0331530825412,71.50879358104775,90.4707754182204,0.0,664
176.06317869524617,70.99783322252462,91.1814943409242,0.0,665
174.66717615440263,69.52954928153287,91.51057328520513,0.0,666
175.7186016206895,70.58247634573247,89.30421149428891,0.0,667
176.36647928854475,69.48114063934595,86.26889909931133,0.0,668
174.5847963720817,67.86710102518897,89.40882730894033,1.0,669
175.3556792884463,71.86773478536274,89.00756954195103,0.0,670
175.69357128351191,69.20452830741898,90.22136415256156,0.0,671
174.21612453297428,70.46179521835847,89.62625278427916,0.0,672
176.81767076081672,69.38066468934005,93.2435075596958,0.0,673
174.2734327661644,69.14038967858559,90.60998265445458,0.0,674
176.25789115636456,70.37887564995046,90.70850714110964,0.0,675
174.91096532262563,70.60733754294995,88.38328028895029,0.0,676
176.0857373759482,69.51029739809724,89.7655782152559,0.0,677
173.87398713728285,70.35622318009366,90.71140346824714,0.0,678
172.1489749177257,70.68437319052987,91.1315522284572,0.0,679
175.4844405649827,71.65745471679058,87.98794884215923,1.0,680
178.81988115462275,70.92921873449603,87.81210724902623,0.0,681
175.34568840968205,69.72179518221775,90.19229890288649,0.0,682
178.1492381377365,68.88052308814784,89.0022165151739,0.0,683
171.5031402678001,70.97787227525725,90.31127784846208,1.0,684
174.00064085195226,71.69304136249653,87.9148599834006,0.0,685
175.91410436132134,70.48446647114467,91.54441056572611,0.0,686
172.967706811809,69.5279317603482,90.7046993681682,0.0,687
175.40336646725876,70.01133316070361,90.14065358191031,0.0,688
172.2135895886962,71.03828477805335,92.78576251119621,1.0,689
175.99448191795088,70.20152272065819,91.96436221916234,0.0,690
176.8557991404927,70.83815210720458,88.7915267665594,0.0,691
176.49460446977963,69.22952455668202,90.10305538159592,0.0,692
176.05791519830302,72.10778651063457,90.86532222661708,1.0,693
174.1581378376386,70.31185349355765,89.93243436641397,0.0,694
175.01841950983527,69.11664221405684,90.6654290029391,0.0,695
174.1624411777959,69.90464648112628,93.80785441970453,0.0,696
176.2202665684107,69.56087973266887,93.10652382710232,0.0,697
171.80277658078302,70.3677875303326,88.51770502821782,0.0,698
178.8704536270805,70.58355044095542,92.15919122780257,1.0,699
175.21653213708143,70.46299495065287,91.02472542444801,0.0,700
176.41010291670867,69.77361500255995,89.13958531964404,0.0,701
178.76116969905058,68.55310507559375,90.26602643360984,0.0,702
173.5404564798214,68.86817992697685,89.66301140288594,0.0,703
172.67626807254197,71.08425710392227,90.432961584547,1.0,704
175.31986180167985,68.79819007716091,90.54748490544858,0.0,705
174.77358354382062,70.05015242105983,91.57563578659817,0.0,706
176.8545102172573,70.21491024312385,89.62697931001819,0.0,707
174.88733236978086,69.32143187001998,89.59582788931185,0.0,708
171.93676109727477,70.67180842688893,89.66959043722566,1.0,709
174.88096129367352,71.88974961024986,89.64428299092576,0.0,710
178.09446167623128,69.77099009778715,88.42511605796984,1.0,711
173.02670484358865,68.70395420566513,92.29608729104396,0.0,712
177.7383688934604,70.89847980833316,89.37846674968601,0.0,713
173.30919629112626,69.87032119985055,88.25803957030881,0.0,714
172.42460481618753,70.11529397341971,89.01928561323618,0.0,715
176.48574942817845,70.73215867240057,91.87988948230223,0.0,716
176.55196698397782,71.928580342112,89.64351483485703,1.0,717
175.46874453005253,71.76801175337431,88.56277603295904,1.0,718
178.593593873072,69.11150663396158,92.09909194372064,1.0,719
175.58154269160886,69.77288184808634,89.57979177276161,0.0,720
173.28400850513432,70.11040328439532,92.33953698019617,0.0,721
175.85867348900163,70.06913970195423,88.15249119716846,0.0,722
173.73641496194784,69.40338917420415,87.98024840860845,0.0,723
175.90165093772387,69.1202002796813,90.14303851981809,0.0,724
174.14021659582278,70.43108184317175,90.4804734316132,0.0,725
174.9375672027038,70.21079325928287,92.23272070965227,0.0,726
177.56026575105733,71.56500969741782,91.40955559312579,0.0,727
174.81199140663256,69.848060449129,90.10087511488298,0.0,728
175.4467970553406,69.58657519041378,88.7762241079707,0.0,729
175.70827369375914,70.80567389802496,90.91464739442203,0.0,730
174.00599852029427,70.56963863597997,90.29220915002587,0.0,731
175.46921277848304,69.50472536153912,89.03286235016921,0.0,732
178.4197874828114,69.88062962825568,88.59667780127428,0.0,733
176.93025522187938,70.28701956490346,86.62700038910036,1.0,734
172.37640730096314,69.72171183065512,88.91689477594956,0.0,735
179.60815216888383,69.91354609024782,91.65495358985137,0.0,736
172.73170342268935,69.44527473276447,89.45971721233353,0.0,737
173.15646371620744,71.66868330970077,91.75828852155651,0.0,738
176.42385750467747,69.18155129068474,92.02002380774799,0.0,739
178.49007219830492,69.09970180785498,89.02404724244421,0.0,740
174.1649522245849,71.59240107620477,88.07000705277461,1.0,741
175.14737345089537,72.08319271000616,87.31113812266788,0.0,742
176.40104993709994,69.50393285530433,88.82179360787188,0.0,743
173.36638540832513,69.48090580248851,91.08776336518909,0.0,744
175.6611171641224,71.6543653091156,89.67820898538453,0.0,745
179.64347680777777,69.27669288882724,92.36032819983946,0.0,746
176.55835934950622,68.9197332336498,89.51831822038903,0.0,747
173.04295731004697,69.02275738400334,90.97829752745737,0.0,748
173.23390204394858,69.58203616392154,90.66536768628274,0.0,749
177.72954905806503,70.54779600129258,88.11453269772983,1.0,750
173.63470839753987,69.79263935721481,88.66910427225365,0.0,751
173.20349087083406,69.65442585524288,90.36028829700244,0.0,752
173.475469573027,69.10774688548932,86.89911823641066,0.0,753
179.21617685097908,70.20983916354578,91.43638728961038,1.0,754
174.6814949905107,69.2815324799154,88.01378031165908,0.0,755
175.00548283627614,70.39324435277172,91.71453063569233,0.0,756
175.33242455055682,68.78758633942327,88.60087578454466,0.0,757
175.35516827333007,69.44411329410909,89.54485508732105,0.0,758
174.5238732856409,68.19652387203392,90.91500196350128,0.0,759
172.4512594243551,68.59081821014085,90.55474358505946,1.0,760
174.5453773274923,68.87699513623163,92.35067227766156,0.0,761
172.00926388791586,69.94052818121742,88.25613667234207,0.0,762
173.5253358525013,69.5714012138098,91.25912042022632,0.0,763
174.8141414317317,68.52113006996125,89.74676965761782,0.0,764
176.6942027324657,69.12749004983333,91.82076564666457,1.0,765
171.59882668429805,69.59292431267583,86.50961376965431,0.0,766
173.08785331529302,70.42623318757165,88.67602910270332,0.0,767
173.81539031966454,69.72664657410101,88.06194587019857,0.0,768
175.18334133147158,71.39411813634567,88.21568581105838,0.0,769
176.87182843731293,69.45494601423682,92.62945398750759,0.0,770
177.08547204221333,69.26138591348347,91.38726162611182,0.0,771
175.5022387463866,70.54710685874488,90.26871713734515,0.0,772
175.92503412938606,70.16162360374564,90.50490734295393,0.0,773
173.95297435489243,69.08671894237642,89.06504033510495,0.0,774
177.9080490823868,68.88908601530807,89.14685146681983,0.0,775
176.5100929008453,69.44447213210778,89.19604547431771,0.0,776
175.16124522625944,69.8223954217234,89.78216647153894,0.0,777
176.1211298782255,69.03914161355567,89.79497354156933,0.0,778
173.58212003937845,70.37877492520369,92.31553801676178,1.0,779
176.2747859618618,70.20989451813716,91.37251675283507,0.0,780
177.17505921506765,70.92165627323031,90.8532388068497,0.0,781
175.7267141626059,69.97822395424818,88.69866932054862,0.0,782
175.15818629763973,70.7628671814804,87.87098316365443,1.0,783
173.38275763277613,70.02536304163222,89.98686864483234,0.0,784
177.99785400003265,70.91293305851632,87.34914110688243,0.0,785
175.8805368342658,70.5712493217056,91.59796777241696,0.0,786
176.91786467511764,69.53444039490967,92.02946031386723,0.0,787
176.7377154722641,71.1125176496256,90.12766693098447,0.0,788
175.93178623684443,69.34683056816188,90.268944140847,0.0,789
172.69676145987575,69.43766328007388,90.0375711123036,0.0,790
178.4978106885981,69.50103113316393,90.18817233993089,1.0,791
177.90210086437955,71.18342300822565,92.3615489222948,0.0,792
177.44599572697314,70.01654936834069,93.07976213903632,1.0,793
174.04420548099674,69.4391735262177,89.20011294840923,0.0,794
176.56971647158903,68.99011082707088,91.34296706202902,1.0,795
174.8259163986333,69.50957282187194,90.57475600466698,0.0,796
176.86757189966423,69.54098524103074,89.61138009317754,0.0,797
172.10300270643307,69.63079784122621,90.64717632921926,1.0,798
178.00326166224653,70.73575941016131,87.12333359514588,1.0,799
174.87112134665549,68.63391362798727,89.48587795083849,0.0,800
174.72977442119657,68.11286052420839,91.53089328643023,1.0,801
176.2519679636184,70.76419189966883,89.57668759536358,0.0,802
175.37738694749433,69.55752743293115,91.16225653915772,0.0,803
175.4868222864037,69.95478570149578,89.65591481251236,0.0,804
172.8001699439945,70.64169858715516,89.65393142665229,0.0,805
173.00019973836964,70.00555058858717,93.63930621054719,1.0,806
175.25359524444016,68.40840457099344,90.46536150842608,0.0,807
173.92109323820077,68.08849384812117,89.2429127687797,0.0,808
176.126201225977,69.22855819922535,88.457914802792,0.0,809
178.89700422082194,69.42083359265787,91.33608978443698,0.0,810
177.55528540812455,69.45961879083517,87.31218247004071,0.0,811
178.5513470478087,68.45536169623279,90.89319406044059,1.0,812
173.0574419967075,71.54036396659524,88.32421179439518,1.0,813
176.2037349800665,69.01746921147462,89.44257642843687,0.0,814
174.653750263394,70.27139260810026,89.95001505162445,0.0,815
177.0587572777725,70.30464676674498,89.40198540398285,0.0,816
175.48884190695168,68.85092628176172,88.44327858181211,0.0,817
173.71245332333206,70.6116379740412,88.94827205032732,0.0,818
174.8027023529335,69.9204733367152,89.46718411696973,0.0,819
175.60202222197665,70.59268984540554,92.89469453582355,0.0,820
173.70971982291496,68.32011704463426,89.88093981238652,0.0,821
176.74882771171784,70.58083835462664,91.97082944284658,0.0,822
173.16162816358678,69.90118749219893,87.05188467661955,1.0,823
173.15227246106008,70.11967270673219,88.99182602648759,0.0,824
175.9244801918255,69.52056924430428,88.31531975657718,0.0,825
175.049700287855,71.82153445512436,89.56448968098414,1.0,826
171.60168995928322,69.06804564109181,88.43213430673995,1.0,827
174.1125983176141,69.46957171875022,91.22342701971027,0.0,828
176.59639730217515,69.62131438568704,86.24993204645693,0.0,829
174.89285435908874,67.08285939393784,88.52488179647862,0.0,830
173.18544464034866,68.31628727107673,89.49382058298052,0.0,831
175.85067546834347,70.2304267608825,91.41507501688154,0.0,832
173.83726447757584,69.28072719401477,89.30484932805787,0.0,833
175.51682349736328,69.4488063628236,90.52056507629679,0.0,834
176.03872982892497,69.8172591525613,90.53445005765468,0.0,835
173.64384783337687,70.4139749286452,89.02408986755697,0.0,836
173.66225715032172,69.70425461095056,93.33941682218573,1.0,837
172.89637953228484,71.02854053306352,91.08278356706896,0.0,838
177.02781705318597,69.75800017850065,88.40660269141199,0.0,839
175.61881818678978,69.9562128835866,90.04722767339268,0.0,840
178.26692862081563,69.36963828749286,91.02957888897849,1.0,841
175.9779364522655,70.04397406329313,90.05845203533359,0.0,842
175.37595447100855,68.2362968885082,88.08741208958627,0.0,843
173.82266377037064,68.35243039282918,90.73613174331597,0.0,844
173.42388714390745,68.7554802421321,91.33369566844556,0.0,845
174.33934988965,69.25516880141615,90.12404719158678,0.0,846
176.1390073589913,72.04362357202396,90.26188740728423,0.0,847
175.38375393082785,69.32322760143506,89.54056233264006,0.0,848
172.40106133095964,67.93343714217649,89.20722693673211,0.0,849
173.24761684053195,70.42872199242059,90.72787702919995,0.0,850
172.65188725007374,69.23628424715787,88.60301735761303,1.0,851
175.5074212304165,69.36592521563054,87.53083526900053,1.0,852
176.65433766937798,69.7387529102302,90.38504493226354,0.0,853
171.9267556763327,68.99512800404621,91.77956873280999,0.0,854
174.60561904814404,70.74646502306514,86.81596515502865,0.0,855
175.4180566548898,70.26376522596881,88.97133395804202,0.0,856
175.7176546220795,72.46354768939668,89.83130974706934,1.0,857
172.186256544346,70.79479879943244,89.88791443630157,0.0,858
176.6933881383788,69.11576134581551,89.67652826400429,0.0,859
175.7272915422662,71.69756731108947,90.25139205047785,0.0,860
174.95246963747394,70.25214504293766,88.83417093131283,0.0,861
172.53434436449493,69.11951876851543,89.887969509264,1.0,862
175.7430056684857,70.73985414399505,92.73138189502168,0.0,863
174.68927086010652,70.795293943738,90.93934494491532,0.0,864
176.17081016656505,68.64722772841617,91.514804569521,0.0,865
171.95356366651333,71.37659528751456,89.77246862604626,0.0,866
176.18179649554088,69.12278649679541,91.13340182938913,0.0,867
173.89698035712811,69.65106859605761,90.41164616264386,0.0,868
176.74502296094812,70.38447492568451,89.06943267382492,0.0,869
174.1539241340329,70.23929040668685,89.37112358010154,0.0,870
178.0782829494127,69.70792103826662,89.41098505348101,1.0,871
176.60235714002462,70.93172440125139,87.34148947837714,0.0,872
175.02643875051257,69.29359151822598,90.93352382473516,0.0,873
174.13825248100574,71.13018051301617,88.71176548480392,0.0,874
178.94164527979183,69.27253154318036,88.79080054725968,0.0,875
175.6883375431313,70.14980698739176,90.70912982017174,0.0,876
173.71937502369974,69.92918552569058,93.72448016811897,1.0,877
175.1019698648148,70.47672347892106,89.89848175959492,0.0,878
178.67312550818738,68.50800680972316,88.71529664134725,1.0,879
175.43335572307942,72.34151480276236,90.81433388970942,0.0,880
175.8486430428448,71.69382204682753,91.93740486646317,0.0,881
176.18648909355107,68.53247339090056,89.87525452270805,1.0,882
174.39324525198754,69.44793760281314,89.5644436514571,0.0,883
176.70919744379438,68.66359182839508,86.32235356574118,0.0,884
176.81352464170646,69.383833156816,91.13850086279439,0.0,885
175.5745141187545,71.20640540142082,87.29975164371012,0.0,886
175.9380203710828,70.58069402735505,90.80007043104497,0.0,887
174.64916509536516,71.02039308718035,90.85472168008444,0.0,888
174.64657027164702,69.93555886652734,89.94639997942583,0.0,889
174.956574843202,70.17827628469107,89.79212100682952,0.0,890
177.30121335269314,70.17198916121791,90.06686862934485,0.0,891
175.8394450740034,70.88860106493019,89.89063052595476,0.0,892
178.71254485463766,69.03922037717115,90.03487601760877,0.0,893
177.6481065894885,69.81160869056332,89.03653525632971,0.0,894
171.83062703351953,70.67800745899407,90.5488680742312,0.0,895
175.4508871306226,70.31180338854728,89.02076440092698,0.0,896
174.3300278030721,70.97987375773377,92.71380428054584,0.0,897
175.2260376162488,69.84423535814452,90.02243382851731,0.0,898
175.9648167604775,68.18428512490793,90.38590894450277,1.0,899
173.01972238065093,70.3955511075582,91.12166856505745,0.0,900
176.99472907012753,69.06408466558702,90.8823944232901,0.0,901
177.594291920319,68.70772406393851,91.67495580310315,0.0,902
174.83715818822512,68.57473689151738,88.99156231277469,1.0,903
178.89385850194984,69.72299958854231,90.31557647183607,0.0,904
172.76933488926375,70.05393936723969,90.3994227906598,0.0,905
176.0049884425391,70.06840485227116,90.77580862912278,0.0,906
172.6718418972853,71.68952659508105,88.36551826952704,1.0,907
173.64677610982866,69.61627816341502,91.65376182124332,0.0,908
174.93584533186453,68.54638136568505,91.67722467041833,0.0,909
178.0328514973495,71.48992365861307,91.56915486797676,1.0,910
172.87360578184934,69.87444052034988,92.38076608978815,1.0,911
173.8988156363705,69.96666688265643,89.38180479669515,0.0,912
176.19318628360134,71.05612647173679,90.26067104453334,0.0,913
173.9169280979871,71.66705036605805,89.98056399637737,0.0,914
173.0701497784259,67.37078456485486,90.62864611798705,0.0,915
174.725554294515,70.63729780901973,91.3776513361842,0.0,916
175.8959375603645,70.59933182684901,90.60708471928481,0.0,917
176.09866647778023,69.98118856543226,90.16895143196464,0.0,918
175.35029341942703,69.33177647287175,88.09916758384219,0.0,919
178.19191862979233,71.31092288079358,89.54712895373412,1.0,920
172.55225894623615,70.6716282094245,90.92949722084315,0.0,921
175.49804343879404,70.74446492413242,90.01872272430418,0.0,922
176.27620676365933,69.9192378751415,92.07376879024724,0.0,923
172.16470796497077,69.14959245511338,89.45150593423928,1.0,924
172.07315839679953,69.28304522852252,90.34385653237713,1.0,925
174.25862146097955,69.56115439833476,89.37711620953975,0.0,926
176.68422110766542,71.14439958549474,91.03920777222226,0.0,927
175.8658166171261,70.20149562185122,88.86171678415874,0.0,928
174.5499162737219,70.25982426635187,90.37486344783056,0.0,929
174.41020813612403,69.64710266218106,87.89253847468974,0.0,930
174.01229516606628,70.08356041102701,90.23019320447625,0.0,931
174.42811282583878,71.1534794155034,90.80307512744417,0.0,932
176.11447766980936,71.85174592274052,90.02994293905259,0.0,933
176.96471233346043,71.12147667324787,87.01431806533226,0.0,934
174.37242615806585,69.68566806611341,89.53684552624696,0.0,935
174.1290054987022,69.71168742262512,90.61079896281876,0.0,936
174.66648221402014,69.88316137023992,90.06308851964992,0.0,937
178.10661214375003,71.62174276520781,89.7297536459916,1.0,938
171.96981125400228,69.27471694015343,91.38938635166033,0.0,939
175.90320892510158,71.00565893431222,92.08583889104581,0.0,940
176.18454111250753,68.1085749303559,89.48286840837454,1.0,941
177.5129167352225,69.25981576249579,89.15707026138018,1.0,942
175.12058329100478,70.4643452959337,87.74993396608338,0.0,943
174.97795580887555,69.19247106566274,90.10915856379897,0.0,944
175.59816522156328,69.32636211709911,92.23365884475243,0.0,945
177.65955414589948,68.97247979727985,89.72113037863721,0.0,946
173.6415411942763,69.00979563491155,91.6964585228377,1.0,947
177.10200771098766,70.2289787589711,90.48614783338829,0.0,948
174.52002580737806,69.6136800217312,90.84751670846984,0.0,949
174.38316233065538,69.66570322060379,87.97318315960634,0.0,950
172.4766680869739,70.52817138442023,93.15425610116637,0.0,951
176.5912817134499,70.66315950738318,89.59488831774978,0.0,952
176.11925793199094,68.58679775209859,88.95292246681218,0.0,953
171.91635784763642,71.21848513674888,89.83506262283623,0.0,954
176.31537541431976,70.01284576105279,88.62632723606883,0.0,955
175.15357265661703,69.27256085052318,88.80416005455855,0.0,956
172.56519348548164,68.6298767324039,91.60227125998549,0.0,957
173.49637530413244,71.93063421499605,88.2898582765975,0.0,958
176.92627042896956,69.97613086667585,88.73010050223209,0.0,959
171.74431890505406,69.16828489332346,88.03893099908773,1.0,960
177.0257826119466,68.9295292964194,92.36544905268859,0.0,961
172.8509349884817,70.12864878528734,92.49482159925853,0.0,962
178.42214323435542,69.94540526756684,88.97989425564893,0.0,963
174.05313728319837,68.06199137211588,91.57989990492533,0.0,964
174.94114945343063,68.13930210996412,89.87166714310159,0.0,965
174.69918091518446,70.25432195543947,89.64188477829569,0.0,966
175.08959263692572,70.00635684276536,89.04913755915824,0.0,967
173.7342824347734,69.96851035855273,92.54995291531513,0.0,968
175.3300478556025,69.9862211357443,90.83417975942557,0.0,969
174.2115648481534,68.56132059932902,91.5338208717492,1.0,970
174.94732693536704,71.01344522569495,89.92599303803257,0.0,971
174.45706919839063,72.05536564167103,90.48450013653601,1.0,972
177.0677782606698,68.43425759909971,89.47808504437948,0.0,973
175.47261039220348,70.1742309202308,91.22529306552188,0.0,974
173.23822531159186,69.60013606593151,90.54331270998459,0.0,975
174.20209194785528,69.20367755737578,89.75095767371027,0.0,976
171.8342689244384,68.9350673386008,87.06350566402546,0.0,977
176.65296989080417,68.58654945673914,88.57493548333872,0.0,978
172.93217073671443,70.59968125081829,90.6661314617097,0.0,979
173.6777351617635,69.27077280668706,90.28881964401256,0.0,980
175.44889063067936,71.41970795178713,89.86277443336279,0.0,981
175.86845034743774,69.79888349320674,91.02816071149262,0.0,982
177.53967828354328,69.91127068094417,90.02714345704058,0.0,983
176.49404888822488,70.39372062527832,86.77864898685894,1.0,984
176.70729203953863,68.22926227807646,88.10905030361212,1.0,985
171.88871138625922,70.66757836556269,87.22249581208878,1.0,986
175.71040875368138,68.92370524416833,90.640227842237,0.0,987
175.1047756932028,68.97132673195244,90.51521379890153,0.0,988
173.18995175596066,69.69517620700032,87.5163937707163,1.0,989
173.2631377709558,70.6174463139986,91.5241312610634,0.0,990
178.06810893563605,69.26386417716004,91.55899322173717,1.0,991
173.58682603789222,70.15854690612585,87.34139523538671,1.0,992
177.03661922831765,67.90678333903574,90.84231534242512,1.0,993
176.6817758402307,68.76980917142612,89.67633782127453,0.0,994
174.67513615553688,72.87379681106037,90.43020418804659,0.0,995
177.99026658618618,69.58861336907235,89.13281463307904,0.0,996
173.03383702358934,69.71523239527468,91.74686068797003,0.0,997
174.63605322561898,69.8040869170955,91.58223866686156,0.0,998
173.60717944161357,68.87981076701973,87.43864284157785,0.0,999
